<?xml version="1.0" encoding="UTF-8"?>
<project-private xmlns="http://www.netbeans.org/ns/project-private/1">
    <editor-bookmarks xmlns="http://www.netbeans.org/ns/editor-bookmarks/2" lastBookmarkId="0"/>
    <open-files xmlns="http://www.netbeans.org/ns/projectui-open-files/2">
        <group>
            <file>file:/Z:/guia1/guia1/src/guia1/Guia1.java</file>
            <file>file:/Z:/guia1/guia1/src/guia1/LecturaConsola.java</file>
            <file>file:/Z:/guia1/guia1/src/guia1/Comparación.java</file>
            <file>file:/Z:/guia1/guia1/src/guia1/LecturaParametros.java</file>
            <file>file:/Z:/guia1/guia1/src/guia1/CuadroDialogo.java</file>
            <file>file:/Z:/guia1/guia1/src/guia1/SumaEnteros.java</file>
        </group>
    </open-files>
</project-private>
